Name,Phone Number
Omy,01069570696
Ahmed,01122334455
Mohamed,01234567890
Sara,01567891234
Fatma,01099887766
Hesham,01155667788
Mona,01233445566
Ali,01522334455
Nadia,01088776655
Mahmoud,01199887766
Yasmine,01212345678
Khaled,01555667788
Hoda,01033445566
Tamer,01112345678
Laila,01299887766
Omar,01567891234
Salma,01055667788
Amr,01133445566
Reem,01288776655
Said,01512345678
Noha,01099887766
Rania,01155667788
Ibrahim,01233445566
Asmaa,01533445566
Hassan,01011223344
Manal,01122334455
Karim,01244556677
Fouad,01566778899
Layla,01022334455
Maged,01177889900
